timestamp,threat_level,entropy_rate,confusion_index,dna_sync_percentage,adversary_aci,active_deception_traps
2026-04-09T15:40:49.388Z,24,1.76,44,93.08,0.77,15
2026-04-09T15:42:01.388Z,18,2.64,48,96.34,0.46,9
2026-04-09T15:43:13.388Z,14,2.13,47,92.67,0.55,8
2026-04-09T15:44:25.388Z,21,1.36,47,93.36,0.93,17
2026-04-09T15:45:37.388Z,26,2.09,46,98.32,0.66,7
2026-04-09T15:46:49.388Z,28,1.01,50,87.15,0.66,9
2026-04-09T15:48:01.388Z,22,1.21,52,91.30,0.57,16
2026-04-09T15:49:13.388Z,21,2.37,54,90.42,0.75,18
2026-04-09T15:50:25.388Z,28,1.07,55,95.89,0.87,25
2026-04-09T15:51:37.388Z,22,3.20,52,91.80,0.73,6
2026-04-09T15:52:49.388Z,24,1.31,52,86.12,0.63,16
2026-04-09T15:54:01.388Z,28,2.34,50,85.62,0.75,5
2026-04-09T15:55:13.388Z,29,1.32,47,93.77,0.43,25
2026-04-09T15:56:25.388Z,36,2.63,45,86.39,0.42,13
2026-04-09T15:57:37.388Z,39,2.30,43,97.82,0.47,6
2026-04-09T15:58:49.388Z,43,1.11,44,95.80,0.47,6
2026-04-09T16:00:01.388Z,40,2.54,45,99.61,0.67,14
2026-04-09T16:01:13.388Z,38,1.24,49,97.95,0.82,16
2026-04-09T16:02:25.388Z,43,1.31,50,91.26,0.41,13
2026-04-09T16:03:37.388Z,46,2.23,47,95.23,0.65,9
2026-04-09T16:04:49.388Z,42,1.08,47,96.50,0.81,19
2026-04-09T16:06:01.388Z,36,2.92,46,91.21,0.50,16
2026-04-09T16:07:13.388Z,31,1.85,49,92.92,0.70,23
2026-04-09T16:08:25.388Z,34,1.11,50,99.67,0.54,6
2026-04-09T16:09:37.388Z,33,1.77,51,86.96,0.49,8
2026-04-09T16:10:49.388Z,34,2.55,53,93.43,0.41,11
2026-04-09T16:12:01.388Z,32,1.60,57,93.72,0.89,21
2026-04-09T16:13:13.388Z,27,1.95,58,90.91,0.71,24
2026-04-09T16:14:25.388Z,30,1.66,56,92.27,0.43,10
2026-04-09T16:15:37.388Z,28,1.66,58,89.06,0.45,5
2026-04-09T16:16:49.388Z,34,2.82,60,88.20,0.82,16
2026-04-09T16:18:01.388Z,33,1.96,62,99.85,0.77,24
2026-04-09T16:19:13.388Z,35,1.35,59,93.00,0.69,7
2026-04-09T16:20:25.388Z,36,2.09,57,86.52,0.68,18
2026-04-09T16:21:37.388Z,35,2.07,57,88.78,0.75,10
2026-04-09T16:22:49.388Z,32,2.98,57,93.77,0.69,5
2026-04-09T16:24:01.388Z,33,2.93,57,91.73,0.89,5
2026-04-09T16:25:13.388Z,31,3.50,57,85.96,0.47,7
2026-04-09T16:26:25.388Z,32,2.70,61,90.03,0.44,9
2026-04-09T16:27:37.388Z,37,2.26,60,98.79,0.84,9
2026-04-09T16:28:49.388Z,41,2.92,62,93.86,0.84,20
2026-04-09T16:30:01.388Z,41,1.65,64,87.95,0.77,20
2026-04-09T16:31:13.388Z,41,2.45,65,94.68,0.66,13
2026-04-09T16:32:25.388Z,39,1.11,65,97.17,0.67,5
2026-04-09T16:33:37.388Z,39,2.50,65,97.61,0.57,14
2026-04-09T16:34:49.388Z,34,1.18,67,91.93,0.48,21
2026-04-09T16:36:01.388Z,31,1.01,65,90.27,0.71,6
2026-04-09T16:37:13.388Z,32,1.95,69,95.97,0.86,25
2026-04-09T16:38:25.388Z,28,2.68,70,89.90,0.43,13
2026-04-09T16:39:37.388Z,30,3.07,74,91.41,0.64,17
2026-04-09T16:40:49.388Z,30,2.30,73,91.41,0.84,21
2026-04-09T16:42:01.388Z,32,3.09,75,91.32,0.62,24
2026-04-09T16:43:13.388Z,28,2.64,77,97.80,0.87,22
2026-04-09T16:44:25.388Z,33,1.19,76,85.28,0.41,11
2026-04-09T16:45:37.388Z,39,3.16,74,89.80,0.57,5
2026-04-09T16:46:49.388Z,40,1.49,71,89.63,0.53,15
2026-04-09T16:48:01.388Z,44,3.26,74,94.21,0.59,7
2026-04-09T16:49:13.388Z,41,2.19,73,92.58,0.73,25
2026-04-09T16:50:25.388Z,41,3.30,70,94.29,0.72,9
2026-04-09T16:51:37.388Z,35,2.50,73,96.92,0.86,8
2026-04-09T16:52:49.388Z,42,3.07,77,90.59,0.70,19
2026-04-09T16:54:01.388Z,47,2.31,81,91.55,0.83,25
2026-04-09T16:55:13.388Z,43,3.25,79,96.78,0.86,15
2026-04-09T16:56:25.388Z,49,1.30,76,98.85,0.57,17
2026-04-09T16:57:37.388Z,50,2.78,77,89.22,0.69,13
2026-04-09T16:58:49.388Z,47,2.16,80,94.65,0.65,25
2026-04-09T17:00:01.388Z,42,1.78,77,98.67,0.94,15
2026-04-09T17:01:13.388Z,46,2.55,79,94.88,0.76,12
2026-04-09T17:02:25.388Z,53,1.57,79,96.98,0.86,15
2026-04-09T17:03:37.388Z,47,2.05,83,95.69,0.93,23
2026-04-09T17:04:49.388Z,48,2.21,82,86.44,0.66,20
2026-04-09T17:06:01.388Z,53,2.80,85,88.94,0.92,12
2026-04-09T17:07:13.388Z,58,3.49,89,93.53,0.43,7
2026-04-09T17:08:25.388Z,64,1.47,88,96.75,0.82,19
2026-04-09T17:09:37.388Z,68,3.09,89,96.11,0.45,18
2026-04-09T17:10:49.388Z,75,1.27,86,91.23,0.53,9
2026-04-09T17:12:01.388Z,72,2.86,86,97.12,0.40,13
2026-04-09T17:13:13.388Z,69,2.02,85,87.30,0.84,14
2026-04-09T17:14:25.388Z,65,2.95,88,97.78,0.47,11
2026-04-09T17:15:37.388Z,72,2.42,90,92.25,0.54,5
2026-04-09T17:16:49.388Z,68,2.98,94,89.13,0.88,23
2026-04-09T17:18:01.388Z,62,2.97,91,87.19,0.89,9
2026-04-09T17:19:13.388Z,63,2.07,92,98.79,0.66,7
2026-04-09T17:20:25.388Z,57,2.42,93,87.74,0.53,19
2026-04-09T17:21:37.388Z,59,3.30,95,87.10,0.85,8
2026-04-09T17:22:49.388Z,62,2.25,92,93.38,0.79,6
2026-04-09T17:24:01.388Z,69,2.87,93,96.23,0.56,12
2026-04-09T17:25:13.388Z,68,2.38,91,92.62,0.43,22
2026-04-09T17:26:25.388Z,75,3.10,91,93.85,0.85,12
2026-04-09T17:27:37.388Z,72,2.62,95,96.47,0.85,25
2026-04-09T17:28:49.388Z,67,3.48,97,87.85,0.79,6
2026-04-09T17:30:01.388Z,72,2.63,98,92.57,0.57,23
2026-04-09T17:31:13.388Z,74,1.66,96,98.99,0.87,18
2026-04-09T17:32:25.388Z,68,2.94,100,96.55,0.88,20
2026-04-09T17:33:37.388Z,72,3.24,100,85.75,0.68,13
2026-04-09T17:34:49.388Z,72,2.62,100,85.85,0.61,14
2026-04-09T17:36:01.388Z,66,1.30,100,85.84,0.88,8
2026-04-09T17:37:13.388Z,60,2.07,100,94.96,0.44,22
2026-04-09T17:38:25.388Z,58,2.40,100,87.60,0.93,25
2026-04-09T17:39:37.388Z,56,3.26,100,97.92,0.82,9
2026-04-09T17:40:49.388Z,63,1.72,100,98.52,0.73,20
2026-04-09T17:42:01.388Z,57,1.57,99,87.27,0.56,14
2026-04-09T17:43:13.388Z,58,1.55,99,87.27,0.51,13
2026-04-09T17:44:25.388Z,56,1.44,98,98.18,0.75,15
2026-04-09T17:45:37.388Z,55,1.92,100,85.91,0.62,24
2026-04-09T17:46:49.388Z,51,3.22,100,85.52,0.59,18
2026-04-09T17:48:01.388Z,55,1.24,97,90.79,0.51,10
2026-04-09T17:49:13.388Z,60,2.34,100,99.52,0.87,19
2026-04-09T17:50:25.388Z,63,1.54,100,97.61,0.64,12
2026-04-09T17:51:37.388Z,64,2.48,98,88.69,0.87,18
2026-04-09T17:52:49.388Z,68,1.94,95,97.07,0.70,13
2026-04-09T17:54:01.388Z,68,2.42,93,92.91,0.85,18
2026-04-09T17:55:13.388Z,68,2.53,90,98.36,0.48,23
2026-04-09T17:56:25.388Z,69,3.17,93,89.43,0.71,18
2026-04-09T17:57:37.388Z,73,1.14,95,87.39,0.93,9
2026-04-09T17:58:49.388Z,74,2.10,94,99.62,0.62,9
2026-04-09T18:00:01.388Z,69,1.07,95,89.69,0.44,7
2026-04-09T18:01:13.388Z,65,1.42,98,96.23,0.78,9
2026-04-09T18:02:25.388Z,63,2.06,95,95.24,0.85,9
2026-04-09T18:03:37.388Z,65,2.00,98,94.09,0.50,14
2026-04-09T18:04:49.388Z,68,1.01,98,85.89,0.89,14
2026-04-09T18:06:01.388Z,67,2.31,100,86.56,0.41,21
2026-04-09T18:07:13.388Z,63,2.80,100,91.36,0.75,25
2026-04-09T18:08:25.388Z,68,1.78,98,93.69,0.51,18
2026-04-09T18:09:37.388Z,62,1.23,100,90.31,0.72,20
2026-04-09T18:10:49.388Z,60,1.40,99,86.03,0.80,8
2026-04-09T18:12:01.388Z,61,1.70,96,93.40,0.60,22
2026-04-09T18:13:13.388Z,67,1.26,98,95.67,0.83,15
2026-04-09T18:14:25.388Z,62,1.24,95,93.66,0.83,17
2026-04-09T18:15:37.388Z,66,1.68,94,95.72,0.59,10
2026-04-09T18:16:49.388Z,62,2.32,95,89.10,0.81,19
2026-04-09T18:18:01.388Z,64,1.79,98,98.22,0.52,20
2026-04-09T18:19:13.388Z,60,1.45,100,97.92,0.71,20
2026-04-09T18:20:25.388Z,65,3.31,100,97.03,0.81,20
2026-04-09T18:21:37.388Z,66,1.31,100,87.46,0.90,18
2026-04-09T18:22:49.388Z,67,3.41,98,89.81,0.50,18
2026-04-09T18:24:01.388Z,61,3.02,99,95.82,0.92,23
2026-04-09T18:25:13.388Z,67,1.10,100,95.76,0.42,13
2026-04-09T18:26:25.388Z,72,1.39,100,86.85,0.67,23
2026-04-09T18:27:37.388Z,68,3.03,100,86.44,0.44,6
2026-04-09T18:28:49.388Z,70,2.73,99,95.60,0.47,18
2026-04-09T18:30:01.388Z,67,3.46,97,86.28,0.74,20
2026-04-09T18:31:13.388Z,63,2.56,96,95.45,0.48,25
2026-04-09T18:32:25.388Z,65,2.85,97,86.45,0.50,22
2026-04-09T18:33:37.388Z,61,2.88,100,96.80,0.65,15
2026-04-09T18:34:49.388Z,61,2.11,98,97.54,0.72,15
2026-04-09T18:36:01.388Z,61,1.75,99,98.82,0.82,24
2026-04-09T18:37:13.388Z,55,1.16,99,99.42,0.53,16
2026-04-09T18:38:25.388Z,50,2.25,96,93.72,0.79,17
2026-04-09T18:39:37.388Z,49,1.11,95,93.38,0.40,8
2026-04-09T18:40:49.388Z,44,1.76,97,90.96,0.76,10
2026-04-09T18:42:01.388Z,42,2.94,94,85.55,0.47,7
2026-04-09T18:43:13.388Z,41,2.79,98,89.48,0.43,8
2026-04-09T18:44:25.388Z,42,3.27,99,85.42,0.83,21
2026-04-09T18:45:37.388Z,37,1.08,100,99.10,0.59,23
2026-04-09T18:46:49.388Z,34,3.46,98,98.52,0.51,24
2026-04-09T18:48:01.388Z,32,3.09,99,92.71,0.71,6
2026-04-09T18:49:13.388Z,33,1.16,100,94.49,0.91,13
2026-04-09T18:50:25.388Z,29,3.26,100,90.92,0.83,9
2026-04-09T18:51:37.388Z,25,3.40,100,91.16,0.92,14
2026-04-09T18:52:49.388Z,21,2.91,100,96.90,0.55,6
2026-04-09T18:54:01.388Z,24,2.45,100,90.17,0.86,23
2026-04-09T18:55:13.388Z,21,2.74,100,94.04,0.88,9
2026-04-09T18:56:25.388Z,19,1.21,100,98.92,0.84,20
2026-04-09T18:57:37.388Z,19,2.20,100,98.55,0.91,7
2026-04-09T18:58:49.388Z,14,2.35,99,96.59,0.44,16
2026-04-09T19:00:01.388Z,13,2.72,100,87.55,0.94,20
2026-04-09T19:01:13.388Z,18,1.88,100,88.05,0.57,11
2026-04-09T19:02:25.388Z,18,1.56,100,94.53,0.41,16
2026-04-09T19:03:37.388Z,23,1.09,97,90.50,0.91,5
2026-04-09T19:04:49.388Z,23,2.30,97,94.38,0.65,18
2026-04-09T19:06:01.388Z,26,1.37,96,91.38,0.71,25
2026-04-09T19:07:13.388Z,24,2.46,98,90.69,0.69,12
2026-04-09T19:08:25.388Z,23,2.25,98,89.13,0.45,16
2026-04-09T19:09:37.388Z,19,2.09,96,88.75,0.81,13
2026-04-09T19:10:49.388Z,20,3.16,98,93.30,0.69,9
2026-04-09T19:12:01.388Z,24,3.03,96,87.51,0.49,15
2026-04-09T19:13:13.388Z,19,2.74,95,95.23,0.60,15
2026-04-09T19:14:25.388Z,22,3.13,93,91.31,0.73,19
2026-04-09T19:15:37.388Z,16,1.18,97,93.03,0.52,15
2026-04-09T19:16:49.388Z,13,2.95,95,95.90,0.50,12
2026-04-09T19:18:01.388Z,7,2.84,96,93.87,0.51,6
2026-04-09T19:19:13.388Z,12,1.34,93,88.50,0.51,15
2026-04-09T19:20:25.388Z,19,2.27,97,89.73,0.65,14
2026-04-09T19:21:37.388Z,26,2.38,100,89.58,0.71,16
2026-04-09T19:22:49.388Z,25,2.04,100,93.14,0.94,13
2026-04-09T19:24:01.388Z,31,1.94,100,94.96,0.59,19
2026-04-09T19:25:13.388Z,36,1.37,98,90.02,0.93,7
2026-04-09T19:26:25.388Z,35,3.07,100,90.34,0.76,23
2026-04-09T19:27:37.388Z,40,3.12,100,92.19,0.53,23
2026-04-09T19:28:49.388Z,46,1.09,100,99.66,0.84,11
2026-04-09T19:30:01.388Z,52,2.34,97,96.07,0.68,24
2026-04-09T19:31:13.388Z,53,2.00,95,91.04,0.51,7
2026-04-09T19:32:25.388Z,52,1.14,98,92.29,0.48,5
2026-04-09T19:33:37.388Z,57,1.51,99,94.69,0.69,21
2026-04-09T19:34:49.388Z,64,2.80,98,93.46,0.54,18
2026-04-09T19:36:01.388Z,59,1.57,98,86.63,0.75,9
2026-04-09T19:37:13.388Z,62,3.02,100,88.93,0.94,14
2026-04-09T19:38:25.388Z,57,1.48,100,98.50,0.73,14
2026-04-09T19:39:37.388Z,58,2.97,100,89.81,0.88,22
2026-04-09T19:40:49.388Z,62,3.47,98,89.84,0.92,5
2026-04-09T19:42:01.388Z,67,3.41,100,92.25,0.80,11
2026-04-09T19:43:13.388Z,67,1.30,99,94.16,0.83,7
2026-04-09T19:44:25.388Z,69,1.27,96,98.53,0.49,22
2026-04-09T19:45:37.388Z,64,1.04,98,90.57,0.60,13
2026-04-09T19:46:49.388Z,60,3.13,100,88.25,0.84,19
2026-04-09T19:48:01.388Z,66,1.45,100,98.52,0.66,21
2026-04-09T19:49:13.388Z,70,2.51,100,89.19,0.77,23
2026-04-09T19:50:25.388Z,70,3.00,100,91.52,0.84,18
2026-04-09T19:51:37.388Z,74,1.81,97,94.45,0.72,22
2026-04-09T19:52:49.388Z,71,2.95,96,99.26,0.80,11
2026-04-09T19:54:01.388Z,69,3.23,99,98.65,0.87,6
2026-04-09T19:55:13.388Z,66,1.68,96,96.38,0.50,7
2026-04-09T19:56:25.388Z,72,2.51,93,94.15,0.57,19
2026-04-09T19:57:37.388Z,66,2.39,96,94.21,0.80,13
2026-04-09T19:58:49.388Z,64,1.08,97,94.83,0.40,11
2026-04-09T20:00:01.388Z,67,1.85,97,97.80,0.56,7
2026-04-09T20:01:13.388Z,63,2.63,97,92.99,0.82,5
2026-04-09T20:02:25.388Z,68,3.42,98,92.45,0.66,13
2026-04-09T20:03:37.388Z,62,1.09,100,89.10,0.65,24
2026-04-09T20:04:49.388Z,64,3.08,100,96.15,0.51,23
2026-04-09T20:06:01.388Z,63,3.47,100,85.90,0.60,22
2026-04-09T20:07:13.388Z,63,2.86,100,86.83,0.66,23
2026-04-09T20:08:25.388Z,61,3.13,100,97.00,0.63,22
2026-04-09T20:09:37.388Z,57,1.18,100,94.15,0.67,22
2026-04-09T20:10:49.388Z,53,1.66,98,90.90,0.61,23
2026-04-09T20:12:01.388Z,60,1.45,100,92.14,0.79,19
2026-04-09T20:13:13.388Z,62,1.82,100,91.11,0.62,7
2026-04-09T20:14:25.388Z,67,2.23,97,89.85,0.73,24
2026-04-09T20:15:37.388Z,72,1.13,94,89.11,0.72,20
2026-04-09T20:16:49.388Z,78,1.43,91,86.25,0.73,7
2026-04-09T20:18:01.388Z,77,2.93,94,85.50,0.83,17
2026-04-09T20:19:13.388Z,76,1.78,97,92.84,0.59,16
2026-04-09T20:20:25.388Z,79,2.12,99,96.46,0.86,19
2026-04-09T20:21:37.388Z,76,1.18,97,88.27,0.80,17
2026-04-09T20:22:49.388Z,71,2.65,98,94.49,0.89,5
2026-04-09T20:24:01.388Z,68,2.88,98,93.77,0.54,7
2026-04-09T20:25:13.388Z,68,3.26,100,94.72,0.60,16
2026-04-09T20:26:25.388Z,67,3.44,100,88.94,0.44,10
2026-04-09T20:27:37.388Z,65,3.47,100,89.38,0.61,18
2026-04-09T20:28:49.388Z,71,1.97,100,94.99,0.68,6
2026-04-09T20:30:01.388Z,74,2.79,100,91.76,0.46,16
2026-04-09T20:31:13.388Z,70,2.88,100,89.96,0.67,19
2026-04-09T20:32:25.388Z,72,2.17,99,96.12,0.45,14
2026-04-09T20:33:37.388Z,69,3.42,100,96.63,0.53,7
2026-04-09T20:34:49.388Z,76,3.46,100,95.33,0.53,12
2026-04-09T20:36:01.388Z,71,2.02,100,86.72,0.63,25
2026-04-09T20:37:13.388Z,74,2.24,97,94.97,0.91,15
2026-04-09T20:38:25.388Z,71,2.47,94,89.25,0.49,7
2026-04-09T20:39:37.388Z,65,2.71,92,99.38,0.44,8
2026-04-09T20:40:49.388Z,70,1.92,94,85.28,0.54,20
2026-04-09T20:42:01.388Z,66,3.31,95,87.83,0.43,17
2026-04-09T20:43:13.388Z,72,2.19,97,88.26,0.67,8
2026-04-09T20:44:25.388Z,69,2.26,100,92.17,0.82,14
2026-04-09T20:45:37.388Z,74,1.60,97,98.70,0.62,9
2026-04-09T20:46:49.388Z,68,1.82,95,86.59,0.75,10
2026-04-09T20:48:01.388Z,65,2.88,96,96.93,0.87,5
2026-04-09T20:49:13.388Z,68,2.63,97,92.00,0.70,22
2026-04-09T20:50:25.388Z,71,2.01,100,88.96,0.81,21
2026-04-09T20:51:37.388Z,78,2.19,99,97.98,0.59,23
2026-04-09T20:52:49.388Z,81,2.99,100,94.89,0.72,16
2026-04-09T20:54:01.388Z,85,1.63,97,86.94,0.78,15
2026-04-09T20:55:13.388Z,80,1.59,97,88.87,0.88,19
2026-04-09T20:56:25.388Z,82,1.18,98,85.97,0.54,21
2026-04-09T20:57:37.388Z,76,2.03,98,89.29,0.63,12
2026-04-09T20:58:49.388Z,72,3.15,97,97.28,0.94,25
2026-04-09T21:00:01.388Z,74,2.52,100,91.02,0.73,14
2026-04-09T21:01:13.388Z,71,2.88,99,95.45,0.45,10
2026-04-09T21:02:25.388Z,68,1.77,100,93.58,0.65,5
2026-04-09T21:03:37.388Z,70,3.18,100,92.69,0.51,15
2026-04-09T21:04:49.388Z,74,1.73,97,95.18,0.56,7
2026-04-09T21:06:01.388Z,68,2.45,96,96.92,0.95,8
2026-04-09T21:07:13.388Z,73,1.04,93,87.70,0.86,5
2026-04-09T21:08:25.388Z,73,3.40,92,95.56,0.92,18
2026-04-09T21:09:37.388Z,79,1.66,90,98.72,0.54,13
2026-04-09T21:10:49.388Z,74,1.45,90,98.37,0.82,5
2026-04-09T21:12:01.388Z,79,3.39,89,93.05,0.67,17
2026-04-09T21:13:13.388Z,83,3.27,86,86.34,0.77,16
2026-04-09T21:14:25.388Z,88,3.20,85,98.67,0.53,22
2026-04-09T21:15:37.388Z,90,1.76,88,90.48,0.48,15
2026-04-09T21:16:49.388Z,86,1.66,86,92.06,0.91,25
2026-04-09T21:18:01.388Z,85,3.07,86,87.79,0.64,20
2026-04-09T21:19:13.388Z,84,2.84,90,92.74,0.65,22
2026-04-09T21:20:25.388Z,80,2.10,94,93.75,0.86,14
2026-04-09T21:21:37.388Z,77,2.67,98,96.07,0.70,10
2026-04-09T21:22:49.388Z,82,2.20,100,97.41,0.67,6
2026-04-09T21:24:01.388Z,85,1.80,99,85.88,0.52,11
2026-04-09T21:25:13.388Z,92,2.94,100,88.56,0.42,24
2026-04-09T21:26:25.388Z,93,1.10,100,97.54,0.41,23
2026-04-09T21:27:37.388Z,90,2.99,100,90.35,0.54,12
2026-04-09T21:28:49.388Z,94,2.77,100,95.71,0.53,9
2026-04-09T21:30:01.388Z,100,1.73,97,94.61,0.54,12
2026-04-09T21:31:13.388Z,98,2.04,97,86.00,0.84,11
2026-04-09T21:32:25.388Z,93,1.28,97,99.40,0.49,8
2026-04-09T21:33:37.388Z,100,3.14,99,98.25,0.85,24
2026-04-09T21:34:49.388Z,94,1.31,100,93.45,0.73,12
2026-04-09T21:36:01.388Z,97,1.29,100,95.81,0.80,10
2026-04-09T21:37:13.388Z,98,1.14,100,92.01,0.57,15
2026-04-09T21:38:25.388Z,100,2.38,99,87.28,0.58,16
2026-04-09T21:39:37.388Z,100,2.58,96,93.07,0.67,9
2026-04-09T21:40:49.388Z,100,2.36,98,86.15,0.66,14
2026-04-09T21:42:01.388Z,100,1.62,95,86.32,0.88,21
2026-04-09T21:43:13.388Z,100,3.11,98,95.04,0.84,20
2026-04-09T21:44:25.388Z,100,3.47,100,86.81,0.83,5
2026-04-09T21:45:37.388Z,100,2.45,99,88.40,0.52,19
2026-04-09T21:46:49.388Z,100,2.21,100,95.99,0.74,5
2026-04-09T21:48:01.388Z,100,1.24,100,92.77,0.54,6
2026-04-09T21:49:13.388Z,100,1.82,98,99.48,0.76,7
2026-04-09T21:50:25.388Z,98,1.15,100,87.06,0.91,17
2026-04-09T21:51:37.388Z,92,2.66,100,87.15,0.61,14
2026-04-09T21:52:49.388Z,87,3.34,100,99.86,0.52,18
2026-04-09T21:54:01.388Z,83,1.83,100,98.70,0.47,24
2026-04-09T21:55:13.388Z,79,1.04,100,97.92,0.79,7
2026-04-09T21:56:25.388Z,85,3.08,100,93.17,0.59,14
2026-04-09T21:57:37.388Z,89,1.95,100,99.65,0.82,17
2026-04-09T21:58:49.388Z,90,2.08,97,96.09,0.43,10
2026-04-09T22:00:01.388Z,90,1.36,94,96.50,0.77,21
2026-04-09T22:01:13.388Z,93,2.71,92,93.29,0.43,8
2026-04-09T22:02:25.388Z,96,1.25,92,90.73,0.61,20
2026-04-09T22:03:37.388Z,98,2.32,91,90.67,0.53,21
2026-04-09T22:04:49.388Z,95,2.81,89,88.01,0.45,8
2026-04-09T22:06:01.388Z,99,2.36,91,94.36,0.66,24
2026-04-09T22:07:13.388Z,100,3.20,89,96.42,0.85,17
2026-04-09T22:08:25.388Z,100,1.95,90,88.63,0.70,20
2026-04-09T22:09:37.388Z,100,2.10,93,92.69,0.78,6
2026-04-09T22:10:49.388Z,100,2.14,93,91.48,0.60,12
2026-04-09T22:12:01.388Z,96,2.43,96,99.52,0.90,10
2026-04-09T22:13:13.388Z,100,1.57,99,90.18,0.61,14
2026-04-09T22:14:25.388Z,97,2.59,97,98.23,0.74,16
2026-04-09T22:15:37.388Z,100,3.45,94,91.69,0.92,7
2026-04-09T22:16:49.388Z,95,2.63,98,99.19,0.75,25
2026-04-09T22:18:01.388Z,100,2.58,100,96.94,0.84,9
2026-04-09T22:19:13.388Z,95,1.26,100,86.77,0.49,23
2026-04-09T22:20:25.388Z,97,2.51,100,89.69,0.44,15
2026-04-09T22:21:37.388Z,100,2.67,100,87.42,0.88,22
2026-04-09T22:22:49.388Z,98,2.22,97,93.10,0.62,5
2026-04-09T22:24:01.388Z,97,2.65,98,86.54,0.69,24
2026-04-09T22:25:13.388Z,98,3.39,96,93.45,0.53,6
2026-04-09T22:26:25.388Z,95,3.39,99,98.73,0.89,9
2026-04-09T22:27:37.388Z,96,1.16,97,88.86,0.45,18
2026-04-09T22:28:49.388Z,100,2.27,96,91.89,0.60,11
2026-04-09T22:30:01.388Z,100,1.30,96,86.77,0.56,21
2026-04-09T22:31:13.388Z,100,1.11,96,92.11,0.77,24
2026-04-09T22:32:25.388Z,100,3.45,98,96.03,0.79,5
2026-04-09T22:33:37.388Z,96,2.29,96,94.09,0.91,23
2026-04-09T22:34:49.388Z,97,3.30,98,88.22,0.94,17
2026-04-09T22:36:01.388Z,99,2.45,100,97.90,0.58,25
2026-04-09T22:37:13.388Z,100,2.71,100,94.51,0.45,25
2026-04-09T22:38:25.388Z,100,1.25,100,85.59,0.43,11
2026-04-09T22:39:37.388Z,100,1.81,100,95.43,0.78,13
2026-04-09T22:40:49.388Z,95,1.57,100,86.54,0.87,8
2026-04-09T22:42:01.388Z,90,1.41,100,95.49,0.76,12
2026-04-09T22:43:13.388Z,89,2.57,100,86.82,0.65,11
2026-04-09T22:44:25.388Z,91,1.64,98,99.64,0.94,24
2026-04-09T22:45:37.388Z,93,2.33,100,94.99,0.78,13
2026-04-09T22:46:49.388Z,97,1.87,100,94.21,0.43,25
2026-04-09T22:48:01.388Z,94,2.14,100,90.42,0.52,9
2026-04-09T22:49:13.388Z,95,1.10,100,90.41,0.73,17
2026-04-09T22:50:25.388Z,98,3.24,100,99.15,0.73,7
2026-04-09T22:51:37.388Z,99,1.36,100,95.91,0.60,6
2026-04-09T22:52:49.388Z,97,2.35,100,85.55,0.81,24
2026-04-09T22:54:01.388Z,95,3.06,100,92.06,0.86,21
2026-04-09T22:55:13.388Z,98,3.20,99,91.76,0.68,18
2026-04-09T22:56:25.388Z,93,3.39,99,88.00,0.94,18
2026-04-09T22:57:37.388Z,95,1.65,100,88.09,0.48,5
2026-04-09T22:58:49.388Z,96,2.29,97,97.67,0.93,23
2026-04-09T23:00:01.388Z,99,2.65,100,95.71,0.48,8
2026-04-09T23:01:13.388Z,100,3.28,100,86.15,0.48,14
2026-04-09T23:02:25.388Z,99,2.96,100,99.16,0.59,6
2026-04-09T23:03:37.388Z,95,2.76,100,99.70,0.72,25
2026-04-09T23:04:49.388Z,93,1.45,97,96.20,0.65,19
2026-04-09T23:06:01.388Z,92,1.12,100,98.73,0.50,24
2026-04-09T23:07:13.388Z,97,1.81,100,88.77,0.88,12
2026-04-09T23:08:25.388Z,100,2.12,100,94.94,0.69,19
2026-04-09T23:09:37.388Z,95,2.43,100,93.37,0.86,7
2026-04-09T23:10:49.388Z,94,2.10,100,90.92,0.57,8
2026-04-09T23:12:01.388Z,92,3.00,100,93.51,0.84,8
2026-04-09T23:13:13.388Z,97,3.38,100,85.67,0.92,16
2026-04-09T23:14:25.388Z,96,1.26,100,91.38,0.55,18
2026-04-09T23:15:37.388Z,100,1.70,100,87.07,0.91,12
2026-04-09T23:16:49.388Z,100,2.83,100,90.94,0.56,7
2026-04-09T23:18:01.388Z,99,1.48,98,94.60,0.77,11
2026-04-09T23:19:13.388Z,100,1.23,100,93.73,0.60,8
2026-04-09T23:20:25.388Z,94,3.19,98,86.82,0.83,5
2026-04-09T23:21:37.388Z,88,1.32,100,92.44,0.68,24
2026-04-09T23:22:49.388Z,95,3.03,100,98.17,0.72,15
2026-04-09T23:24:01.388Z,89,1.55,97,88.07,0.91,22
2026-04-09T23:25:13.388Z,88,1.60,97,86.65,0.74,18
2026-04-09T23:26:25.388Z,84,2.48,94,96.49,0.72,24
2026-04-09T23:27:37.388Z,91,1.13,94,96.15,0.57,11
2026-04-09T23:28:49.388Z,90,1.86,91,88.07,0.63,9
2026-04-09T23:30:01.388Z,89,1.59,89,93.39,0.75,18
2026-04-09T23:31:13.388Z,87,3.50,92,87.92,0.93,15
2026-04-09T23:32:25.388Z,85,3.07,92,85.99,0.47,21
2026-04-09T23:33:37.388Z,92,2.69,90,98.26,0.68,13
2026-04-09T23:34:49.388Z,86,2.89,91,93.33,0.64,20
2026-04-09T23:36:01.388Z,84,2.21,91,98.01,0.51,24
2026-04-09T23:37:13.388Z,84,1.50,94,94.35,0.79,6
2026-04-09T23:38:25.388Z,88,2.14,94,94.04,0.72,15
2026-04-09T23:39:37.388Z,89,1.02,95,96.51,0.91,25
2026-04-09T23:40:49.388Z,89,2.28,93,94.17,0.65,8
2026-04-09T23:42:01.388Z,86,1.24,96,94.85,0.80,7
2026-04-09T23:43:13.388Z,82,2.62,100,94.54,0.54,16
2026-04-09T23:44:25.388Z,87,1.89,98,92.36,0.82,10
2026-04-09T23:45:37.388Z,85,3.43,100,86.46,0.61,25
2026-04-09T23:46:49.388Z,88,1.43,100,91.61,0.83,16
2026-04-09T23:48:01.388Z,87,1.71,100,96.62,0.41,19
2026-04-09T23:49:13.388Z,87,2.00,100,90.61,0.94,18
2026-04-09T23:50:25.388Z,92,2.60,99,90.66,0.43,20
2026-04-09T23:51:37.388Z,89,1.85,97,97.34,0.52,18
2026-04-09T23:52:49.388Z,88,3.18,95,91.15,0.69,24
2026-04-09T23:54:01.388Z,92,3.40,99,87.22,0.73,18
2026-04-09T23:55:13.388Z,99,2.04,97,94.65,0.47,7
2026-04-09T23:56:25.388Z,96,2.72,100,97.72,0.88,19
2026-04-09T23:57:37.388Z,98,3.49,98,96.24,0.47,22
2026-04-09T23:58:49.388Z,100,2.36,99,89.11,0.78,9
2026-04-10T00:00:01.388Z,96,3.18,100,87.07,0.43,20
2026-04-10T00:01:13.388Z,98,1.34,100,86.65,0.74,20
2026-04-10T00:02:25.388Z,97,2.49,100,85.58,0.53,17
2026-04-10T00:03:37.388Z,100,2.45,100,96.96,0.41,13
2026-04-10T00:04:49.388Z,97,3.20,99,90.29,0.79,14
2026-04-10T00:06:01.388Z,91,1.46,100,88.22,0.59,21
2026-04-10T00:07:13.388Z,93,2.48,100,85.82,0.60,11
2026-04-10T00:08:25.388Z,90,2.32,100,97.40,0.88,25
2026-04-10T00:09:37.388Z,93,1.00,100,86.97,0.45,16
2026-04-10T00:10:49.388Z,93,2.11,100,86.91,0.75,25
2026-04-10T00:12:01.388Z,97,2.48,100,98.17,0.45,25
2026-04-10T00:13:13.388Z,96,2.31,98,92.70,0.52,6
2026-04-10T00:14:25.388Z,90,1.58,95,97.75,0.42,15
2026-04-10T00:15:37.388Z,84,2.28,92,86.17,0.46,6
2026-04-10T00:16:49.388Z,83,1.16,89,87.69,0.55,25
2026-04-10T00:18:01.388Z,83,1.43,92,93.12,0.76,8
2026-04-10T00:19:13.388Z,84,1.73,89,90.59,0.47,14
2026-04-10T00:20:25.388Z,89,1.95,93,85.86,0.88,8
2026-04-10T00:21:37.388Z,83,3.11,91,91.93,0.64,8
2026-04-10T00:22:49.388Z,90,1.80,89,99.48,0.65,5
2026-04-10T00:24:01.388Z,84,1.02,89,88.89,0.88,8
2026-04-10T00:25:13.388Z,89,3.25,92,93.28,0.79,12
2026-04-10T00:26:25.388Z,94,2.99,96,98.79,0.90,6
2026-04-10T00:27:37.388Z,89,1.22,93,90.08,0.85,18
2026-04-10T00:28:49.388Z,90,2.31,96,86.08,0.66,12
2026-04-10T00:30:01.388Z,85,1.69,98,96.01,0.52,17
2026-04-10T00:31:13.388Z,90,1.86,95,96.03,0.87,8
2026-04-10T00:32:25.388Z,94,2.11,92,95.55,0.54,7
2026-04-10T00:33:37.388Z,89,1.56,96,96.66,0.54,20
2026-04-10T00:34:49.388Z,85,1.18,97,91.34,0.87,24
2026-04-10T00:36:01.388Z,92,2.88,96,99.12,0.65,19
2026-04-10T00:37:13.388Z,89,2.14,93,95.55,0.84,13
2026-04-10T00:38:25.388Z,93,2.80,90,95.49,0.48,17
2026-04-10T00:39:37.388Z,96,2.88,88,99.04,0.77,14
2026-04-10T00:40:49.388Z,97,1.49,88,87.79,0.77,16
2026-04-10T00:42:01.388Z,100,3.25,90,95.58,0.82,24
2026-04-10T00:43:13.388Z,96,2.43,87,99.65,0.92,16
2026-04-10T00:44:25.388Z,100,3.17,91,95.01,0.81,13
2026-04-10T00:45:37.388Z,94,2.03,95,85.65,0.49,20
2026-04-10T00:46:49.388Z,96,1.94,92,99.79,0.69,19
2026-04-10T00:48:01.388Z,100,1.65,93,97.91,0.66,9
2026-04-10T00:49:13.388Z,100,3.18,96,96.62,0.47,9
2026-04-10T00:50:25.388Z,100,1.39,100,96.25,0.60,24
2026-04-10T00:51:37.388Z,100,2.93,100,95.36,0.58,8
2026-04-10T00:52:49.388Z,95,2.91,100,93.41,0.73,25
2026-04-10T00:54:01.388Z,95,3.33,100,91.24,0.50,5
2026-04-10T00:55:13.388Z,100,2.69,97,86.45,0.60,20
2026-04-10T00:56:25.388Z,97,2.78,98,99.71,0.60,18
2026-04-10T00:57:37.388Z,100,3.28,97,93.18,0.63,13
2026-04-10T00:58:49.388Z,94,3.27,97,88.54,0.52,15
2026-04-10T01:00:01.388Z,97,2.92,96,93.79,0.45,17
2026-04-10T01:01:13.388Z,98,3.48,97,87.79,0.53,17
2026-04-10T01:02:25.388Z,92,2.09,95,90.69,0.95,12
2026-04-10T01:03:37.388Z,93,2.56,96,94.98,0.86,24
2026-04-10T01:04:49.388Z,95,2.53,94,91.65,0.42,16
2026-04-10T01:06:01.388Z,99,1.63,93,86.50,0.78,11
2026-04-10T01:07:13.388Z,100,1.38,93,86.56,0.47,14
2026-04-10T01:08:25.388Z,100,3.00,94,89.68,0.41,21
2026-04-10T01:09:37.388Z,100,1.01,96,85.25,0.62,14
2026-04-10T01:10:49.388Z,100,2.98,96,93.33,0.48,7
2026-04-10T01:12:01.388Z,96,2.66,100,94.51,0.79,5
2026-04-10T01:13:13.388Z,100,1.32,100,89.69,0.80,20
2026-04-10T01:14:25.388Z,94,1.31,100,86.81,0.67,10
2026-04-10T01:15:37.388Z,96,2.79,100,95.58,0.85,9
2026-04-10T01:16:49.388Z,96,1.29,100,92.77,0.42,20
2026-04-10T01:18:01.388Z,100,3.33,98,93.47,0.41,6
2026-04-10T01:19:13.388Z,96,2.00,99,92.80,0.79,23
2026-04-10T01:20:25.388Z,92,2.72,99,98.40,0.70,7
2026-04-10T01:21:37.388Z,99,1.57,98,92.21,0.73,25
2026-04-10T01:22:49.388Z,100,1.54,98,87.92,0.54,13
2026-04-10T01:24:01.388Z,94,1.18,100,91.58,0.51,8
2026-04-10T01:25:13.388Z,90,1.38,100,90.02,0.61,7
2026-04-10T01:26:25.388Z,92,3.46,100,96.86,0.79,18
2026-04-10T01:27:37.388Z,98,2.02,100,95.64,0.75,15
2026-04-10T01:28:49.388Z,98,2.49,100,93.55,0.67,25
2026-04-10T01:30:01.388Z,98,2.62,99,92.16,0.74,23
2026-04-10T01:31:13.388Z,96,1.17,100,89.68,0.45,14
2026-04-10T01:32:25.388Z,95,3.11,98,95.30,0.59,19
2026-04-10T01:33:37.388Z,99,2.91,100,96.67,0.91,13
2026-04-10T01:34:49.388Z,98,3.34,100,91.54,0.59,15
2026-04-10T01:36:01.388Z,92,2.05,100,95.81,0.49,14
2026-04-10T01:37:13.388Z,98,1.99,100,95.44,0.74,22
2026-04-10T01:38:25.388Z,100,3.13,100,92.61,0.47,20
2026-04-10T01:39:37.388Z,95,1.92,100,95.98,0.81,10
2026-04-10T01:40:49.388Z,100,3.16,100,97.11,0.75,5
2026-04-10T01:42:01.388Z,100,2.63,97,87.48,0.85,20
2026-04-10T01:43:13.388Z,100,1.68,100,97.09,0.71,9
2026-04-10T01:44:25.388Z,94,2.10,100,97.35,0.94,21
2026-04-10T01:45:37.388Z,95,1.41,100,97.35,0.54,14
2026-04-10T01:46:49.388Z,100,3.12,100,95.91,0.88,9
2026-04-10T01:48:01.388Z,100,2.57,99,85.16,0.77,13
2026-04-10T01:49:13.388Z,100,1.39,100,98.31,0.51,21
2026-04-10T01:50:25.388Z,100,3.34,100,92.22,0.41,24
2026-04-10T01:51:37.388Z,99,1.43,99,86.21,0.65,8
2026-04-10T01:52:49.388Z,94,3.31,100,96.19,0.92,21
2026-04-10T01:54:01.388Z,99,2.30,97,97.20,0.74,8
2026-04-10T01:55:13.388Z,99,2.10,100,98.05,0.47,20
2026-04-10T01:56:25.388Z,95,2.04,97,94.42,0.91,18
2026-04-10T01:57:37.388Z,93,1.47,98,96.70,0.51,20
2026-04-10T01:58:49.388Z,96,1.17,100,89.79,0.94,12
2026-04-10T02:00:01.388Z,95,2.72,100,93.62,0.53,13
2026-04-10T02:01:13.388Z,89,3.18,100,98.77,0.54,24
2026-04-10T02:02:25.388Z,92,2.18,100,87.02,0.66,17
2026-04-10T02:03:37.388Z,88,2.14,97,88.47,0.65,7
2026-04-10T02:04:49.388Z,87,1.05,99,91.88,0.64,6
2026-04-10T02:06:01.388Z,85,1.83,97,85.05,0.88,13
2026-04-10T02:07:13.388Z,89,2.31,96,89.57,0.89,21
2026-04-10T02:08:25.388Z,96,2.13,98,99.27,0.44,12
2026-04-10T02:09:37.388Z,100,2.93,96,95.65,0.92,19
2026-04-10T02:10:49.388Z,100,3.39,97,93.22,0.76,7
2026-04-10T02:12:01.388Z,100,2.71,100,95.23,0.83,20
2026-04-10T02:13:13.388Z,96,2.41,98,93.12,0.55,17
2026-04-10T02:14:25.388Z,91,1.34,95,92.63,0.90,8
2026-04-10T02:15:37.388Z,89,3.27,92,98.77,0.58,21
2026-04-10T02:16:49.388Z,86,1.39,89,98.32,0.90,11
2026-04-10T02:18:01.388Z,93,2.32,92,99.65,0.65,11
2026-04-10T02:19:13.388Z,91,1.46,96,85.96,0.72,14
2026-04-10T02:20:25.388Z,95,2.57,97,92.11,0.70,9
2026-04-10T02:21:37.388Z,98,1.89,95,97.38,0.91,23
2026-04-10T02:22:49.388Z,93,2.52,99,94.20,0.45,8
2026-04-10T02:24:01.388Z,100,2.64,100,88.58,0.91,19
2026-04-10T02:25:13.388Z,100,3.50,97,89.91,0.55,22
2026-04-10T02:26:25.388Z,95,1.64,99,96.02,0.47,11
2026-04-10T02:27:37.388Z,100,2.02,98,98.72,0.82,22
2026-04-10T02:28:49.388Z,100,1.07,97,85.66,0.81,11
2026-04-10T02:30:01.388Z,97,3.08,98,91.58,0.82,19
2026-04-10T02:31:13.388Z,94,1.95,100,91.17,0.42,6
2026-04-10T02:32:25.388Z,89,2.81,100,85.60,0.93,23
2026-04-10T02:33:37.388Z,93,2.56,99,96.17,0.43,22
2026-04-10T02:34:49.388Z,87,2.65,100,87.38,0.81,10
2026-04-10T02:36:01.388Z,90,1.70,98,94.73,0.50,25
2026-04-10T02:37:13.388Z,90,2.40,100,97.18,0.84,23
2026-04-10T02:38:25.388Z,92,3.35,97,96.87,0.77,12
2026-04-10T02:39:37.388Z,97,1.82,100,92.21,0.80,12
2026-04-10T02:40:49.388Z,99,2.89,97,88.41,0.53,19
2026-04-10T02:42:01.388Z,100,2.62,98,88.94,0.47,6
2026-04-10T02:43:13.388Z,96,1.00,96,98.79,0.40,24
2026-04-10T02:44:25.388Z,95,1.30,97,94.89,0.84,23
2026-04-10T02:45:37.388Z,99,3.42,100,94.20,0.67,5
2026-04-10T02:46:49.388Z,100,2.03,98,91.19,0.49,14
2026-04-10T02:48:01.388Z,99,1.91,99,92.68,0.94,22
2026-04-10T02:49:13.388Z,97,3.39,98,90.90,0.62,12
2026-04-10T02:50:25.388Z,100,1.80,95,90.17,0.42,16
2026-04-10T02:51:37.388Z,95,3.37,99,94.23,0.81,12
2026-04-10T02:52:49.388Z,97,1.44,96,89.99,0.49,15
2026-04-10T02:54:01.388Z,95,1.13,94,99.74,0.81,6
2026-04-10T02:55:13.388Z,99,2.87,96,88.81,0.45,10
2026-04-10T02:56:25.388Z,97,1.03,100,94.78,0.86,9
2026-04-10T02:57:37.388Z,100,1.56,99,92.96,0.44,24
2026-04-10T02:58:49.388Z,99,1.56,100,89.03,0.72,19
2026-04-10T03:00:01.388Z,100,2.28,98,92.70,0.47,15
2026-04-10T03:01:13.388Z,100,1.61,96,97.52,0.94,12
2026-04-10T03:02:25.388Z,98,1.03,97,90.73,0.59,8
2026-04-10T03:03:37.388Z,100,1.33,100,96.44,0.72,7
2026-04-10T03:04:49.388Z,97,3.41,100,92.53,0.60,21
2026-04-10T03:06:01.388Z,98,1.13,100,90.22,0.95,17
2026-04-10T03:07:13.388Z,100,1.34,100,92.00,0.49,25
2026-04-10T03:08:25.388Z,100,3.14,100,97.60,0.85,20
2026-04-10T03:09:37.388Z,100,2.54,100,99.00,0.61,8
2026-04-10T03:10:49.388Z,100,1.61,98,95.67,0.87,25
2026-04-10T03:12:01.388Z,100,2.82,95,87.15,0.41,16
2026-04-10T03:13:13.388Z,97,1.33,96,91.69,0.59,7
2026-04-10T03:14:25.388Z,100,2.37,98,92.84,0.82,10
2026-04-10T03:15:37.388Z,94,2.94,99,92.54,0.42,25
2026-04-10T03:16:49.388Z,99,1.68,96,99.28,0.60,6
2026-04-10T03:18:01.388Z,100,2.60,95,85.95,0.92,11
2026-04-10T03:19:13.388Z,100,1.77,96,90.39,0.41,9
2026-04-10T03:20:25.388Z,95,1.29,96,92.51,0.84,11
2026-04-10T03:21:37.388Z,91,3.26,94,93.72,0.82,5
2026-04-10T03:22:49.388Z,91,1.67,92,88.69,0.91,24
2026-04-10T03:24:01.388Z,87,2.14,92,96.81,0.46,19
2026-04-10T03:25:13.388Z,84,2.18,91,94.22,0.82,11
2026-04-10T03:26:25.388Z,78,1.32,93,86.32,0.60,12
2026-04-10T03:27:37.388Z,79,1.96,95,97.10,0.83,6
2026-04-10T03:28:49.388Z,79,1.63,94,91.06,0.94,20
2026-04-10T03:30:01.388Z,82,2.49,98,88.53,0.74,5
2026-04-10T03:31:13.388Z,82,1.56,100,91.35,0.67,23
2026-04-10T03:32:25.388Z,80,3.27,100,87.20,0.85,21
2026-04-10T03:33:37.388Z,74,1.90,100,86.27,0.42,22
2026-04-10T03:34:49.388Z,75,3.36,97,89.21,0.69,8
2026-04-10T03:36:01.388Z,81,2.67,96,96.52,0.95,20
2026-04-10T03:37:13.388Z,77,2.69,93,94.17,0.81,7
2026-04-10T03:38:25.388Z,72,2.49,97,98.23,0.47,21
2026-04-10T03:39:37.388Z,68,2.89,94,94.82,0.95,15
2026-04-10T03:40:49.388Z,67,3.44,94,89.83,0.70,10
2026-04-10T03:42:01.388Z,71,1.76,91,99.18,0.77,18
2026-04-10T03:43:13.388Z,73,2.58,89,93.66,0.44,11
2026-04-10T03:44:25.388Z,68,2.34,92,97.73,0.63,19
2026-04-10T03:45:37.388Z,67,2.10,93,88.25,0.88,19
2026-04-10T03:46:49.388Z,70,2.64,94,95.28,0.72,12
2026-04-10T03:48:01.388Z,71,1.17,96,90.77,0.40,16
2026-04-10T03:49:13.388Z,70,2.59,94,92.96,0.76,14
2026-04-10T03:50:25.388Z,76,2.80,97,93.92,0.85,17
2026-04-10T03:51:37.388Z,80,3.28,100,85.84,0.44,13
2026-04-10T03:52:49.388Z,84,1.19,100,90.25,0.83,8
2026-04-10T03:54:01.388Z,80,1.13,100,94.11,0.90,22
2026-04-10T03:55:13.388Z,83,2.60,99,99.22,0.80,23
2026-04-10T03:56:25.388Z,81,1.64,100,88.46,0.60,15
2026-04-10T03:57:37.388Z,76,1.45,100,89.06,0.65,21
2026-04-10T03:58:49.388Z,81,2.54,100,92.02,0.62,5
2026-04-10T04:00:01.388Z,80,2.31,100,95.05,0.85,25
2026-04-10T04:01:13.388Z,83,1.73,100,96.98,0.84,12
2026-04-10T04:02:25.388Z,84,1.08,100,85.12,0.55,7
2026-04-10T04:03:37.388Z,89,2.57,100,98.16,0.47,11
2026-04-10T04:04:49.388Z,87,3.25,97,98.54,0.42,21
2026-04-10T04:06:01.388Z,85,2.58,100,98.48,0.85,7
2026-04-10T04:07:13.388Z,90,1.45,100,93.63,0.57,19
2026-04-10T04:08:25.388Z,86,3.35,100,86.38,0.84,10
2026-04-10T04:09:37.388Z,84,1.15,100,89.28,0.93,22
2026-04-10T04:10:49.388Z,80,2.30,98,97.74,0.68,19
2026-04-10T04:12:01.388Z,84,2.75,96,85.03,0.89,23
2026-04-10T04:13:13.388Z,88,2.91,100,97.50,0.56,13
2026-04-10T04:14:25.388Z,94,2.07,100,93.86,0.91,5
2026-04-10T04:15:37.388Z,99,1.99,98,88.38,0.42,11
2026-04-10T04:16:49.388Z,100,2.62,99,86.63,0.46,6
2026-04-10T04:18:01.388Z,96,3.22,100,88.04,0.82,6
2026-04-10T04:19:13.388Z,100,1.75,99,93.26,0.88,12
2026-04-10T04:20:25.388Z,95,2.26,100,95.44,0.75,22
2026-04-10T04:21:37.388Z,92,3.05,100,93.53,0.89,11
2026-04-10T04:22:49.388Z,93,2.13,100,88.98,0.61,23
2026-04-10T04:24:01.388Z,97,1.43,100,90.43,0.81,13
2026-04-10T04:25:13.388Z,99,1.51,100,96.08,0.42,8
2026-04-10T04:26:25.388Z,98,1.85,100,88.33,0.65,8
2026-04-10T04:27:37.388Z,100,3.41,98,91.29,0.89,12
2026-04-10T04:28:49.388Z,100,1.39,99,92.97,0.60,7
2026-04-10T04:30:01.388Z,100,3.32,100,94.94,0.66,13
2026-04-10T04:31:13.388Z,98,1.16,99,85.53,0.92,18
2026-04-10T04:32:25.388Z,96,1.42,100,86.26,0.58,6
2026-04-10T04:33:37.388Z,94,2.31,100,92.92,0.89,21
2026-04-10T04:34:49.388Z,90,2.13,100,94.28,0.74,18
2026-04-10T04:36:01.388Z,92,2.15,99,91.55,0.75,13
2026-04-10T04:37:13.388Z,87,1.78,96,96.69,0.89,19
2026-04-10T04:38:25.388Z,82,1.98,96,86.55,0.79,5
2026-04-10T04:39:37.388Z,78,1.46,97,98.54,0.65,19
2026-04-10T04:40:49.388Z,75,2.22,99,93.70,0.66,10
2026-04-10T04:42:01.388Z,72,1.03,100,95.12,0.65,15
2026-04-10T04:43:13.388Z,77,1.78,98,92.47,0.53,11
2026-04-10T04:44:25.388Z,84,3.13,98,88.36,0.61,18
2026-04-10T04:45:37.388Z,86,2.01,100,93.69,0.60,15
2026-04-10T04:46:49.388Z,82,2.09,100,88.02,0.52,9
2026-04-10T04:48:01.388Z,79,2.08,97,89.97,0.59,8
2026-04-10T04:49:13.388Z,86,2.43,100,99.19,0.80,11
2026-04-10T04:50:25.388Z,80,1.30,100,97.06,0.86,16
2026-04-10T04:51:37.388Z,84,2.79,100,91.19,0.43,8
2026-04-10T04:52:49.388Z,90,3.28,100,97.67,0.84,17
2026-04-10T04:54:01.388Z,84,1.40,100,95.41,0.70,6
2026-04-10T04:55:13.388Z,87,1.33,100,97.19,0.78,24
2026-04-10T04:56:25.388Z,90,1.25,100,88.08,0.90,8
2026-04-10T04:57:37.388Z,93,2.65,100,99.77,0.76,13
2026-04-10T04:58:49.388Z,93,1.31,100,99.54,0.88,13
2026-04-10T05:00:01.388Z,89,1.27,97,93.38,0.91,24
2026-04-10T05:01:13.388Z,83,2.21,98,95.73,0.77,15
2026-04-10T05:02:25.388Z,83,1.33,100,94.34,0.63,7
2026-04-10T05:03:37.388Z,86,2.43,99,99.79,0.69,6
2026-04-10T05:04:49.388Z,89,2.80,100,94.23,0.90,5
2026-04-10T05:06:01.388Z,84,1.58,99,98.61,0.91,19
2026-04-10T05:07:13.388Z,81,1.14,97,90.57,0.63,11
2026-04-10T05:08:25.388Z,79,1.22,95,91.47,0.67,21
2026-04-10T05:09:37.388Z,82,1.90,93,86.88,0.72,10
2026-04-10T05:10:49.388Z,78,1.43,90,88.23,0.76,7
2026-04-10T05:12:01.388Z,77,2.45,93,97.49,0.74,6
2026-04-10T05:13:13.388Z,77,3.21,94,85.34,0.42,7
2026-04-10T05:14:25.388Z,77,3.04,98,95.43,0.51,16
2026-04-10T05:15:37.388Z,73,2.90,99,99.60,0.53,17
2026-04-10T05:16:49.388Z,72,1.22,96,85.58,0.59,13
2026-04-10T05:18:01.388Z,73,1.38,96,90.86,0.85,8
2026-04-10T05:19:13.388Z,73,2.72,94,95.43,0.91,19
2026-04-10T05:20:25.388Z,76,3.04,91,94.91,0.73,10
2026-04-10T05:21:37.388Z,73,3.13,95,86.37,0.46,10
2026-04-10T05:22:49.388Z,80,1.30,99,86.73,0.45,10
2026-04-10T05:24:01.388Z,87,2.56,100,89.09,0.78,22
2026-04-10T05:25:13.388Z,91,3.01,100,89.52,0.87,21
2026-04-10T05:26:25.388Z,97,3.04,100,89.23,0.65,22
2026-04-10T05:27:37.388Z,100,2.20,97,93.46,0.69,20
2026-04-10T05:28:49.388Z,100,3.23,100,93.80,0.52,17
2026-04-10T05:30:01.388Z,94,3.11,100,90.01,0.85,7
2026-04-10T05:31:13.388Z,91,2.30,100,85.31,0.50,15
2026-04-10T05:32:25.388Z,85,3.27,100,99.29,0.89,18
2026-04-10T05:33:37.388Z,82,3.02,100,95.75,0.82,25
2026-04-10T05:34:49.388Z,81,3.01,100,90.03,0.59,12
2026-04-10T05:36:01.388Z,79,1.07,100,96.77,0.54,24
2026-04-10T05:37:13.388Z,75,1.69,100,99.70,0.50,6
2026-04-10T05:38:25.388Z,78,1.26,100,96.73,0.62,11
2026-04-10T05:39:37.388Z,78,2.00,100,99.24,0.69,21
2026-04-10T05:40:49.388Z,76,1.88,100,91.37,0.70,12
2026-04-10T05:42:01.388Z,70,3.41,97,94.32,0.53,20
2026-04-10T05:43:13.388Z,68,1.35,99,89.95,0.90,10
2026-04-10T05:44:25.388Z,67,1.41,98,96.31,0.76,21
2026-04-10T05:45:37.388Z,72,2.05,100,93.80,0.54,20
2026-04-10T05:46:49.388Z,77,2.32,100,94.78,0.77,13
2026-04-10T05:48:01.388Z,82,3.48,100,91.72,0.93,15
2026-04-10T05:49:13.388Z,79,2.06,97,93.41,0.65,10
2026-04-10T05:50:25.388Z,83,2.06,98,95.64,0.88,10
2026-04-10T05:51:37.388Z,88,2.37,98,93.32,0.93,7
2026-04-10T05:52:49.388Z,92,1.47,98,86.94,0.58,12
2026-04-10T05:54:01.388Z,97,3.36,98,85.93,0.91,13
2026-04-10T05:55:13.388Z,99,2.24,100,93.08,0.53,5
2026-04-10T05:56:25.388Z,100,2.50,100,94.85,0.44,25
2026-04-10T05:57:37.388Z,100,3.37,100,91.42,0.62,13
2026-04-10T05:58:49.388Z,99,1.61,100,98.63,0.93,11
2026-04-10T06:00:01.388Z,97,3.19,100,95.44,0.47,8
2026-04-10T06:01:13.388Z,100,2.23,99,96.92,0.92,12
2026-04-10T06:02:25.388Z,100,1.50,96,99.85,0.62,6
2026-04-10T06:03:37.388Z,100,1.11,98,95.50,0.75,6
2026-04-10T06:04:49.388Z,95,2.18,99,85.86,0.64,16
2026-04-10T06:06:01.388Z,97,3.11,96,87.14,0.59,17
2026-04-10T06:07:13.388Z,95,1.98,93,97.21,0.75,10
2026-04-10T06:08:25.388Z,99,3.39,94,99.32,0.86,23
2026-04-10T06:09:37.388Z,100,1.73,98,88.31,0.57,9
2026-04-10T06:10:49.388Z,100,3.30,97,85.52,0.40,12
2026-04-10T06:12:01.388Z,100,1.23,96,90.37,0.65,22
2026-04-10T06:13:13.388Z,97,3.20,94,99.25,0.54,17
2026-04-10T06:14:25.388Z,99,1.44,96,92.59,0.65,6
2026-04-10T06:15:37.388Z,93,2.39,94,93.12,0.76,12
2026-04-10T06:16:49.388Z,96,2.51,93,86.67,0.62,19
2026-04-10T06:18:01.388Z,100,1.25,94,88.51,0.43,23
2026-04-10T06:19:13.388Z,99,3.37,94,92.40,0.52,25
2026-04-10T06:20:25.388Z,99,2.69,91,93.21,0.89,21
2026-04-10T06:21:37.388Z,100,2.14,92,86.02,0.65,18
2026-04-10T06:22:49.388Z,100,2.45,90,92.29,0.40,20
2026-04-10T06:24:01.388Z,98,2.67,93,85.47,0.75,14
2026-04-10T06:25:13.388Z,100,1.23,93,90.19,0.81,21
2026-04-10T06:26:25.388Z,100,2.88,96,88.82,0.86,9
2026-04-10T06:27:37.388Z,95,2.39,95,94.43,0.94,22
2026-04-10T06:28:49.388Z,89,2.07,97,96.69,0.56,6
2026-04-10T06:30:01.388Z,90,2.03,100,86.96,0.66,25
2026-04-10T06:31:13.388Z,92,3.26,99,85.42,0.58,6
2026-04-10T06:32:25.388Z,92,3.46,99,94.60,0.83,7
2026-04-10T06:33:37.388Z,91,1.03,100,94.43,0.41,13
2026-04-10T06:34:49.388Z,93,1.97,100,93.64,0.69,8
2026-04-10T06:36:01.388Z,89,1.73,98,94.16,0.68,22
2026-04-10T06:37:13.388Z,85,2.05,98,90.00,0.63,20
2026-04-10T06:38:25.388Z,89,2.45,99,88.50,0.82,10
2026-04-10T06:39:37.388Z,89,2.69,100,96.46,0.56,14
2026-04-10T06:40:49.388Z,96,1.90,98,92.71,0.65,25
2026-04-10T06:42:01.388Z,95,1.38,95,86.66,0.64,23
2026-04-10T06:43:13.388Z,94,2.53,95,98.92,0.71,21
2026-04-10T06:44:25.388Z,91,3.45,96,92.09,0.50,5
2026-04-10T06:45:37.388Z,85,1.09,94,85.60,0.46,17
2026-04-10T06:46:49.388Z,88,3.15,93,98.51,0.94,11
2026-04-10T06:48:01.388Z,88,2.16,92,99.34,0.49,25
2026-04-10T06:49:13.388Z,95,2.35,95,87.68,0.67,21
2026-04-10T06:50:25.388Z,100,2.90,96,92.73,0.64,24
2026-04-10T06:51:37.388Z,100,1.28,98,92.53,0.62,16
2026-04-10T06:52:49.388Z,97,1.54,100,88.31,0.84,12
2026-04-10T06:54:01.388Z,100,2.81,97,93.43,0.49,19
2026-04-10T06:55:13.388Z,97,1.15,94,91.06,0.82,21
2026-04-10T06:56:25.388Z,100,3.12,93,97.67,0.91,24
2026-04-10T06:57:37.388Z,98,1.59,93,93.74,0.50,12
2026-04-10T06:58:49.388Z,100,3.36,94,85.11,0.54,8
2026-04-10T07:00:01.388Z,96,3.15,94,90.79,0.46,22
2026-04-10T07:01:13.388Z,99,2.74,94,93.31,0.63,20
2026-04-10T07:02:25.388Z,100,2.02,94,95.72,0.51,5
2026-04-10T07:03:37.388Z,94,2.61,92,92.51,0.77,25
2026-04-10T07:04:49.388Z,96,1.56,92,89.61,0.80,6
2026-04-10T07:06:01.388Z,90,2.53,92,96.27,0.57,8
2026-04-10T07:07:13.388Z,86,2.73,89,99.52,0.92,5
2026-04-10T07:08:25.388Z,88,1.49,88,93.68,0.61,10
2026-04-10T07:09:37.388Z,88,2.69,85,94.85,0.54,5
2026-04-10T07:10:49.388Z,94,1.50,82,85.77,0.61,15
2026-04-10T07:12:01.388Z,93,1.84,82,96.17,0.74,15
2026-04-10T07:13:13.388Z,99,1.27,81,89.06,0.62,25
2026-04-10T07:14:25.388Z,100,1.44,82,88.72,0.86,7
2026-04-10T07:15:37.388Z,98,3.31,84,97.10,0.76,20
2026-04-10T07:16:49.388Z,100,2.40,87,91.01,0.46,8
2026-04-10T07:18:01.388Z,94,3.39,88,88.69,0.68,22
2026-04-10T07:19:13.388Z,98,2.80,87,88.93,0.71,24
2026-04-10T07:20:25.388Z,100,1.18,91,90.74,0.62,13
2026-04-10T07:21:37.388Z,100,1.16,90,86.26,0.82,12
2026-04-10T07:22:49.388Z,94,3.31,88,98.04,0.50,23
2026-04-10T07:24:01.388Z,91,3.26,89,97.87,0.94,5
2026-04-10T07:25:13.388Z,90,2.50,88,93.62,0.62,19
2026-04-10T07:26:25.388Z,91,1.89,85,87.66,0.73,21
2026-04-10T07:27:37.388Z,93,1.54,85,91.72,0.84,17
2026-04-10T07:28:49.388Z,97,2.25,88,99.47,0.73,12
2026-04-10T07:30:01.388Z,94,2.77,86,87.87,0.45,19
2026-04-10T07:31:13.388Z,95,1.28,89,90.65,0.43,15
2026-04-10T07:32:25.388Z,97,2.04,87,95.55,0.65,22
2026-04-10T07:33:37.388Z,100,1.86,87,90.92,0.83,22
2026-04-10T07:34:49.388Z,96,2.02,87,90.14,0.65,25
2026-04-10T07:36:01.388Z,95,1.91,87,86.69,0.87,6
2026-04-10T07:37:13.388Z,90,1.44,85,90.08,0.47,22
2026-04-10T07:38:25.388Z,89,1.53,83,94.49,0.77,23
2026-04-10T07:39:37.388Z,94,2.46,83,90.93,0.74,16
2026-04-10T07:40:49.388Z,100,1.26,86,93.91,0.71,12
2026-04-10T07:42:01.388Z,100,1.06,89,87.41,0.72,14
2026-04-10T07:43:13.388Z,100,1.97,92,90.26,0.92,9
2026-04-10T07:44:25.388Z,100,3.11,90,94.76,0.87,12
2026-04-10T07:45:37.388Z,100,2.15,93,89.37,0.52,12
2026-04-10T07:46:49.388Z,100,3.38,94,98.63,0.76,9
2026-04-10T07:48:01.388Z,100,2.06,94,98.49,0.95,16
2026-04-10T07:49:13.388Z,99,1.51,96,91.78,0.64,12
2026-04-10T07:50:25.388Z,100,1.77,93,97.38,0.53,24
2026-04-10T07:51:37.388Z,100,2.07,94,91.76,0.41,11
2026-04-10T07:52:49.388Z,100,1.27,92,89.35,0.69,9
2026-04-10T07:54:01.388Z,97,2.55,93,88.51,0.68,24
2026-04-10T07:55:13.388Z,100,1.31,93,97.69,0.48,23
2026-04-10T07:56:25.388Z,100,1.40,95,89.90,0.84,11
2026-04-10T07:57:37.388Z,100,2.12,95,87.57,0.43,13
2026-04-10T07:58:49.388Z,100,1.44,93,92.90,0.48,21
2026-04-10T08:00:01.388Z,94,2.94,91,96.98,0.72,11
2026-04-10T08:01:13.388Z,90,3.11,88,97.87,0.85,17
2026-04-10T08:02:25.388Z,97,2.67,89,98.86,0.82,7
2026-04-10T08:03:37.388Z,94,2.08,90,94.73,0.92,7
2026-04-10T08:04:49.388Z,93,2.17,87,87.38,0.78,22
2026-04-10T08:06:01.388Z,98,3.39,89,94.01,0.90,12
2026-04-10T08:07:13.388Z,94,2.66,90,98.82,0.42,21
2026-04-10T08:08:25.388Z,93,2.07,87,99.64,0.58,13
2026-04-10T08:09:37.388Z,97,1.24,88,98.51,0.61,21
2026-04-10T08:10:49.388Z,93,3.49,88,99.73,0.64,6
2026-04-10T08:12:01.388Z,92,2.30,86,94.26,0.68,9
2026-04-10T08:13:13.388Z,89,1.62,89,86.88,0.42,9
2026-04-10T08:14:25.388Z,96,3.04,87,92.85,0.63,22
2026-04-10T08:15:37.388Z,95,3.47,90,96.90,0.48,8
2026-04-10T08:16:49.388Z,100,2.60,92,94.29,0.50,18
2026-04-10T08:18:01.388Z,94,2.34,91,87.30,0.87,5
2026-04-10T08:19:13.388Z,100,1.68,91,85.93,0.76,25
2026-04-10T08:20:25.388Z,96,2.55,91,94.29,0.60,15
2026-04-10T08:21:37.388Z,100,2.16,88,87.44,0.54,15
2026-04-10T08:22:49.388Z,96,2.41,90,96.45,0.53,7
2026-04-10T08:24:01.388Z,92,3.13,93,85.87,0.70,21
2026-04-10T08:25:13.388Z,90,2.87,90,93.85,0.40,15
2026-04-10T08:26:25.388Z,95,1.42,91,86.24,0.52,12
2026-04-10T08:27:37.388Z,92,1.48,90,85.65,0.87,8
2026-04-10T08:28:49.388Z,96,3.38,87,92.59,0.47,24
2026-04-10T08:30:01.388Z,91,3.34,87,98.00,0.48,23
2026-04-10T08:31:13.388Z,88,2.78,88,88.13,0.61,18
2026-04-10T08:32:25.388Z,90,1.55,86,96.79,0.60,6
2026-04-10T08:33:37.388Z,86,3.35,87,96.72,0.49,25
2026-04-10T08:34:49.388Z,85,1.99,84,91.42,0.79,11
2026-04-10T08:36:01.388Z,81,1.31,84,90.35,0.72,11
2026-04-10T08:37:13.388Z,76,2.51,83,98.95,0.92,5
2026-04-10T08:38:25.388Z,77,2.46,82,89.40,0.95,6
2026-04-10T08:39:37.388Z,77,1.96,82,89.69,0.64,13
2026-04-10T08:40:49.388Z,80,1.26,84,95.59,0.78,10
2026-04-10T08:42:01.388Z,87,2.26,88,86.87,0.48,10
2026-04-10T08:43:13.388Z,88,1.50,91,92.23,0.60,5
2026-04-10T08:44:25.388Z,82,3.34,92,96.19,0.51,8
2026-04-10T08:45:37.388Z,79,1.30,90,92.40,0.42,19
2026-04-10T08:46:49.388Z,75,3.26,91,90.78,0.74,8
2026-04-10T08:48:01.388Z,79,3.10,90,92.45,0.75,22
2026-04-10T08:49:13.388Z,85,2.39,90,86.44,0.57,19
2026-04-10T08:50:25.388Z,88,2.39,88,85.90,0.71,18
2026-04-10T08:51:37.388Z,93,1.11,87,87.39,0.82,10
2026-04-10T08:52:49.388Z,90,2.98,86,96.04,0.56,23
2026-04-10T08:54:01.388Z,96,2.09,89,97.47,0.71,22
2026-04-10T08:55:13.388Z,96,1.57,93,87.83,0.43,15
2026-04-10T08:56:25.388Z,100,3.37,90,97.05,0.54,24
2026-04-10T08:57:37.388Z,97,1.56,91,93.95,0.41,19
2026-04-10T08:58:49.388Z,100,3.13,88,86.54,0.60,5
2026-04-10T09:00:01.388Z,95,3.13,86,91.16,0.81,20
2026-04-10T09:01:13.388Z,93,2.65,84,91.05,0.80,14
2026-04-10T09:02:25.388Z,94,2.21,83,85.59,0.75,12
2026-04-10T09:03:37.388Z,100,3.30,83,92.92,0.95,20
2026-04-10T09:04:49.388Z,100,2.41,86,96.89,0.69,19
2026-04-10T09:06:01.388Z,100,3.20,90,92.69,0.49,16
2026-04-10T09:07:13.388Z,97,2.19,93,97.28,0.53,14
2026-04-10T09:08:25.388Z,95,1.97,92,96.78,0.85,21
2026-04-10T09:09:37.388Z,100,1.68,96,89.37,0.50,22
2026-04-10T09:10:49.388Z,100,2.61,95,95.24,0.59,12
2026-04-10T09:12:01.388Z,98,1.45,96,85.70,0.63,25
2026-04-10T09:13:13.388Z,92,1.07,98,86.00,0.95,8
2026-04-10T09:14:25.388Z,97,1.34,96,98.44,0.51,14
2026-04-10T09:15:37.388Z,92,3.26,95,97.93,0.63,14
2026-04-10T09:16:49.388Z,95,2.34,98,85.91,0.75,10
2026-04-10T09:18:01.388Z,98,2.63,100,92.78,0.59,18
2026-04-10T09:19:13.388Z,95,1.67,97,86.30,0.53,23
2026-04-10T09:20:25.388Z,92,1.73,94,94.85,0.75,6
2026-04-10T09:21:37.388Z,92,2.31,95,88.30,0.43,14
2026-04-10T09:22:49.388Z,97,1.48,93,91.58,0.93,17
2026-04-10T09:24:01.388Z,98,1.95,96,86.33,0.62,17
2026-04-10T09:25:13.388Z,99,1.69,100,86.45,0.67,12
2026-04-10T09:26:25.388Z,93,1.35,100,86.09,0.80,10
2026-04-10T09:27:37.388Z,96,2.12,100,95.10,0.45,22
2026-04-10T09:28:49.388Z,99,2.77,97,97.97,0.52,20
2026-04-10T09:30:01.388Z,95,1.49,99,92.72,0.40,25
2026-04-10T09:31:13.388Z,100,3.07,97,85.99,0.53,15
2026-04-10T09:32:25.388Z,97,2.05,94,99.20,0.56,6
2026-04-10T09:33:37.388Z,96,2.33,98,97.78,0.51,20
2026-04-10T09:34:49.388Z,96,2.61,100,95.38,0.65,18
2026-04-10T09:36:01.388Z,100,2.03,100,89.34,0.41,16
2026-04-10T09:37:13.388Z,96,2.51,100,90.64,0.62,7
2026-04-10T09:38:25.388Z,100,2.30,100,99.63,0.49,22
2026-04-10T09:39:37.388Z,99,2.85,100,94.24,0.44,23
2026-04-10T09:40:49.388Z,100,2.37,100,95.89,0.65,7
2026-04-10T09:42:01.388Z,96,2.17,100,86.13,0.40,23
2026-04-10T09:43:13.388Z,100,2.25,98,88.08,0.73,6
2026-04-10T09:44:25.388Z,100,2.93,99,93.43,0.66,24
2026-04-10T09:45:37.388Z,100,3.26,98,97.32,0.84,23
2026-04-10T09:46:49.388Z,97,3.30,97,92.57,0.76,23
2026-04-10T09:48:01.388Z,91,2.54,99,93.26,0.69,7
2026-04-10T09:49:13.388Z,85,1.74,98,92.90,0.51,8
2026-04-10T09:50:25.388Z,84,2.98,98,87.83,0.94,12
2026-04-10T09:51:37.388Z,81,2.56,100,93.49,0.81,17
2026-04-10T09:52:49.388Z,82,3.38,97,94.47,0.74,8
2026-04-10T09:54:01.388Z,78,2.32,98,95.70,0.45,17
2026-04-10T09:55:13.388Z,83,2.25,100,90.90,0.91,22
2026-04-10T09:56:25.388Z,83,2.70,100,99.13,0.78,5
2026-04-10T09:57:37.388Z,84,1.29,98,88.81,0.51,17
2026-04-10T09:58:49.388Z,91,2.66,98,88.11,0.64,12
2026-04-10T10:00:01.388Z,98,2.52,100,88.58,0.80,11
2026-04-10T10:01:13.388Z,94,3.00,97,95.96,0.72,22
2026-04-10T10:02:25.388Z,96,2.81,100,95.02,0.76,7
2026-04-10T10:03:37.388Z,94,3.49,99,94.35,0.80,12
2026-04-10T10:04:49.388Z,93,1.27,100,85.83,0.48,14
2026-04-10T10:06:01.388Z,99,1.24,97,91.81,0.75,19
2026-04-10T10:07:13.388Z,100,1.23,100,97.83,0.44,13
2026-04-10T10:08:25.388Z,100,2.46,98,89.34,0.41,15
2026-04-10T10:09:37.388Z,94,2.82,99,86.08,0.41,12
2026-04-10T10:10:49.388Z,94,2.89,100,90.47,0.85,7
2026-04-10T10:12:01.388Z,93,1.50,100,96.89,0.86,9
2026-04-10T10:13:13.388Z,94,1.75,100,94.42,0.55,19
2026-04-10T10:14:25.388Z,91,2.20,98,86.34,0.56,5
2026-04-10T10:15:37.388Z,86,2.97,97,87.03,0.75,12
2026-04-10T10:16:49.388Z,91,2.38,100,99.37,0.87,11
2026-04-10T10:18:01.388Z,86,2.82,98,97.21,0.63,7
2026-04-10T10:19:13.388Z,80,1.44,100,90.40,0.77,22
2026-04-10T10:20:25.388Z,80,2.96,97,93.39,0.69,18
2026-04-10T10:21:37.388Z,85,2.49,95,89.84,0.71,21
2026-04-10T10:22:49.388Z,92,2.62,92,91.64,0.69,5
2026-04-10T10:24:01.388Z,88,1.77,91,86.21,0.73,12
2026-04-10T10:25:13.388Z,83,2.76,93,89.92,0.52,8
2026-04-10T10:26:25.388Z,88,2.52,94,94.38,0.80,15
2026-04-10T10:27:37.388Z,87,2.13,92,90.19,0.84,14
2026-04-10T10:28:49.388Z,94,2.37,96,87.57,0.76,21
2026-04-10T10:30:01.388Z,88,2.22,95,94.46,0.76,15
2026-04-10T10:31:13.388Z,94,3.13,92,94.76,0.83,5
2026-04-10T10:32:25.388Z,88,3.46,96,89.26,0.49,6
2026-04-10T10:33:37.388Z,90,1.84,100,85.83,0.58,21
2026-04-10T10:34:49.388Z,96,2.55,98,97.30,0.43,16
2026-04-10T10:36:01.388Z,99,2.42,96,94.90,0.46,13
2026-04-10T10:37:13.388Z,100,2.72,99,98.74,0.62,21
2026-04-10T10:38:25.388Z,98,3.25,100,96.00,0.56,13
2026-04-10T10:39:37.388Z,100,3.10,98,89.35,0.61,22
2026-04-10T10:40:49.388Z,95,1.46,96,95.40,0.47,14
2026-04-10T10:42:01.388Z,93,3.25,96,94.50,0.91,24
2026-04-10T10:43:13.388Z,95,1.24,98,94.76,0.54,24
2026-04-10T10:44:25.388Z,92,2.84,100,85.32,0.64,5
2026-04-10T10:45:37.388Z,94,1.46,100,97.88,0.83,16
2026-04-10T10:46:49.388Z,96,1.85,100,97.66,0.78,16
2026-04-10T10:48:01.388Z,97,1.95,100,99.05,0.41,8
2026-04-10T10:49:13.388Z,100,2.83,99,95.53,0.58,23
2026-04-10T10:50:25.388Z,99,2.36,99,94.15,0.40,21
2026-04-10T10:51:37.388Z,100,2.79,97,92.68,0.67,24
2026-04-10T10:52:49.388Z,94,1.47,96,98.11,0.65,21
2026-04-10T10:54:01.388Z,98,2.92,97,89.18,0.83,5
2026-04-10T10:55:13.388Z,100,2.40,99,92.40,0.65,23
2026-04-10T10:56:25.388Z,96,1.00,98,89.65,0.43,21
2026-04-10T10:57:37.388Z,100,2.18,95,93.57,0.82,12
2026-04-10T10:58:49.388Z,96,2.13,92,89.59,0.50,13
2026-04-10T11:00:01.388Z,97,1.62,93,90.06,0.81,17
2026-04-10T11:01:13.388Z,95,3.15,97,91.23,0.60,17
2026-04-10T11:02:25.388Z,89,3.09,99,85.61,0.58,14
2026-04-10T11:03:37.388Z,93,3.31,100,87.15,0.57,12
2026-04-10T11:04:49.388Z,87,1.74,98,93.70,0.89,8
2026-04-10T11:06:01.388Z,87,2.40,99,89.85,0.62,17
2026-04-10T11:07:13.388Z,81,3.32,97,89.79,0.84,16
2026-04-10T11:08:25.388Z,76,1.02,96,98.81,0.79,24
2026-04-10T11:09:37.388Z,80,3.23,93,96.00,0.62,9
2026-04-10T11:10:49.388Z,78,3.26,91,92.74,0.73,20
2026-04-10T11:12:01.388Z,82,2.71,95,89.34,0.43,5
2026-04-10T11:13:13.388Z,83,2.11,95,99.56,0.40,7
2026-04-10T11:14:25.388Z,88,3.28,92,97.43,0.79,18
2026-04-10T11:15:37.388Z,83,1.62,95,86.05,0.67,21
2026-04-10T11:16:49.388Z,82,3.19,98,89.57,0.58,10
2026-04-10T11:18:01.388Z,84,3.22,98,93.36,0.80,7
2026-04-10T11:19:13.388Z,91,3.28,98,91.03,0.67,14
2026-04-10T11:20:25.388Z,86,3.33,99,92.63,0.91,23
2026-04-10T11:21:37.388Z,87,1.81,99,85.75,0.74,23
2026-04-10T11:22:49.388Z,83,3.05,96,91.66,0.68,7
2026-04-10T11:24:01.388Z,90,2.33,99,90.30,0.89,8
2026-04-10T11:25:13.388Z,90,1.97,96,94.03,0.93,18
2026-04-10T11:26:25.388Z,92,1.70,98,87.54,0.77,6
2026-04-10T11:27:37.388Z,89,1.20,98,87.40,0.65,19
2026-04-10T11:28:49.388Z,94,1.78,99,97.16,0.77,15
2026-04-10T11:30:01.388Z,94,1.80,100,98.05,0.42,18
2026-04-10T11:31:13.388Z,96,2.22,99,88.27,0.59,18
2026-04-10T11:32:25.388Z,99,1.27,97,98.69,0.73,22
2026-04-10T11:33:37.388Z,100,2.19,100,89.93,0.84,8
2026-04-10T11:34:49.388Z,100,3.06,100,99.88,0.62,10
2026-04-10T11:36:01.388Z,94,1.19,100,93.99,0.65,23
2026-04-10T11:37:13.388Z,100,2.68,100,95.21,0.69,13
2026-04-10T11:38:25.388Z,100,3.03,97,85.78,0.45,18
2026-04-10T11:39:37.388Z,98,1.17,96,88.52,0.76,13
2026-04-10T11:40:49.388Z,98,2.80,98,97.98,0.88,24
2026-04-10T11:42:01.388Z,100,3.22,98,86.10,0.85,18
2026-04-10T11:43:13.388Z,100,2.67,99,92.06,0.78,18
2026-04-10T11:44:25.388Z,94,1.55,98,96.19,0.65,19
2026-04-10T11:45:37.388Z,98,1.74,98,99.46,0.70,10
2026-04-10T11:46:49.388Z,100,2.47,100,95.00,0.70,12
2026-04-10T11:48:01.388Z,100,2.55,100,95.28,0.52,8
2026-04-10T11:49:13.388Z,94,3.26,98,99.10,0.83,5
2026-04-10T11:50:25.388Z,97,2.75,100,90.82,0.41,24
2026-04-10T11:51:37.388Z,100,3.13,98,90.81,0.57,24
2026-04-10T11:52:49.388Z,95,1.67,97,86.13,0.60,9
2026-04-10T11:54:01.388Z,100,2.21,95,89.62,0.77,10
2026-04-10T11:55:13.388Z,100,3.10,99,93.84,0.63,7
2026-04-10T11:56:25.388Z,98,3.01,98,93.84,0.47,24
2026-04-10T11:57:37.388Z,100,2.14,96,87.32,0.70,18
2026-04-10T11:58:49.388Z,95,1.98,94,98.06,0.65,18
2026-04-10T12:00:01.388Z,90,2.53,97,89.84,0.90,22
2026-04-10T12:01:13.388Z,87,2.70,99,98.00,0.84,9
2026-04-10T12:02:25.388Z,87,2.63,100,86.52,0.73,9
2026-04-10T12:03:37.388Z,85,2.03,100,90.88,0.90,14
2026-04-10T12:04:49.388Z,79,1.77,100,94.20,0.69,24
2026-04-10T12:06:01.388Z,73,2.36,100,96.54,0.54,21
2026-04-10T12:07:13.388Z,80,2.27,97,91.72,0.79,21
2026-04-10T12:08:25.388Z,80,1.65,95,98.32,0.49,10
2026-04-10T12:09:37.388Z,82,2.66,92,97.18,0.84,6
2026-04-10T12:10:49.388Z,86,2.14,91,99.18,0.93,7
2026-04-10T12:12:01.388Z,88,3.14,93,89.16,0.78,8
2026-04-10T12:13:13.388Z,85,1.34,96,95.02,0.67,22
2026-04-10T12:14:25.388Z,92,3.30,98,95.47,0.44,21
2026-04-10T12:15:37.388Z,95,2.35,96,88.90,0.63,18
2026-04-10T12:16:49.388Z,90,1.20,94,95.32,0.65,8
2026-04-10T12:18:01.388Z,90,2.33,93,86.33,0.84,17
2026-04-10T12:19:13.388Z,88,2.15,93,90.65,0.55,8
2026-04-10T12:20:25.388Z,88,2.44,97,90.12,0.46,7
2026-04-10T12:21:37.388Z,91,3.08,100,99.01,0.50,14
2026-04-10T12:22:49.388Z,87,2.72,99,92.57,0.79,15
2026-04-10T12:24:01.388Z,83,1.55,100,98.80,0.64,18
2026-04-10T12:25:13.388Z,88,1.96,97,90.08,0.75,19
2026-04-10T12:26:25.388Z,82,1.16,99,92.79,0.59,9
2026-04-10T12:27:37.388Z,89,2.79,100,90.01,0.48,6
2026-04-10T12:28:49.388Z,95,1.16,100,95.56,0.70,10
2026-04-10T12:30:01.388Z,92,3.21,98,91.46,0.64,25
2026-04-10T12:31:13.388Z,90,2.40,96,92.82,0.71,24
2026-04-10T12:32:25.388Z,95,2.13,98,99.72,0.69,25
2026-04-10T12:33:37.388Z,94,1.89,100,94.90,0.75,9
2026-04-10T12:34:49.388Z,96,2.23,100,92.75,0.43,7
2026-04-10T12:36:01.388Z,95,2.90,100,96.30,0.41,8
2026-04-10T12:37:13.388Z,93,1.06,100,92.61,0.79,17
2026-04-10T12:38:25.388Z,100,1.86,100,98.15,0.60,21
2026-04-10T12:39:37.388Z,99,1.27,98,99.40,0.61,20
2026-04-10T12:40:49.388Z,100,2.90,100,93.58,0.42,25
2026-04-10T12:42:01.388Z,100,3.18,100,91.88,0.45,20
2026-04-10T12:43:13.388Z,100,1.85,100,87.78,0.70,14
2026-04-10T12:44:25.388Z,97,1.54,100,99.69,0.44,12
2026-04-10T12:45:37.388Z,97,2.40,98,95.27,0.67,23
2026-04-10T12:46:49.388Z,100,1.74,96,87.73,0.57,18
2026-04-10T12:48:01.388Z,100,2.53,96,95.94,0.50,7
2026-04-10T12:49:13.388Z,100,2.19,95,95.18,0.53,19
2026-04-10T12:50:25.388Z,100,1.21,96,94.81,0.79,18
2026-04-10T12:51:37.388Z,100,3.18,100,88.51,0.81,18
2026-04-10T12:52:49.388Z,100,1.96,100,91.34,0.72,14
2026-04-10T12:54:01.388Z,95,1.35,100,88.21,0.84,7
2026-04-10T12:55:13.388Z,98,1.31,100,94.83,0.92,14
2026-04-10T12:56:25.388Z,92,1.70,98,86.36,0.75,25
2026-04-10T12:57:37.388Z,89,1.37,97,87.96,0.94,16
2026-04-10T12:58:49.388Z,93,2.29,98,96.98,0.55,11
2026-04-10T13:00:01.388Z,96,2.77,99,97.67,0.41,23
2026-04-10T13:01:13.388Z,93,2.88,100,86.62,0.49,9
2026-04-10T13:02:25.388Z,97,3.23,99,87.73,0.70,17
2026-04-10T13:03:37.388Z,100,2.72,98,99.85,0.81,16
2026-04-10T13:04:49.388Z,98,2.50,100,99.10,0.61,17
2026-04-10T13:06:01.388Z,92,3.47,100,94.21,0.54,16
2026-04-10T13:07:13.388Z,99,1.88,100,97.35,0.62,20
2026-04-10T13:08:25.388Z,100,3.30,100,87.23,0.46,5
2026-04-10T13:09:37.388Z,98,3.37,99,90.98,0.72,25
2026-04-10T13:10:49.388Z,98,2.97,100,99.34,0.47,5
2026-04-10T13:12:01.388Z,100,2.14,100,97.64,0.50,10
2026-04-10T13:13:13.388Z,100,1.73,100,92.42,0.63,5
2026-04-10T13:14:25.388Z,100,2.01,100,99.51,0.80,17
2026-04-10T13:15:37.388Z,97,1.01,97,86.10,0.50,11
2026-04-10T13:16:49.388Z,100,2.81,97,95.84,0.92,6
2026-04-10T13:18:01.388Z,100,1.76,100,96.70,0.44,9
2026-04-10T13:19:13.388Z,100,1.78,100,89.71,0.66,9
2026-04-10T13:20:25.388Z,99,1.12,100,95.20,0.56,25
2026-04-10T13:21:37.388Z,98,3.30,100,89.13,0.79,12
2026-04-10T13:22:49.388Z,92,3.42,97,94.17,0.57,5
2026-04-10T13:24:01.388Z,90,1.01,99,96.04,0.91,6
2026-04-10T13:25:13.388Z,92,2.24,96,87.90,0.85,21
2026-04-10T13:26:25.388Z,97,3.14,100,89.92,0.56,18
2026-04-10T13:27:37.388Z,100,2.25,100,97.16,0.61,23
2026-04-10T13:28:49.388Z,100,1.60,100,92.30,0.70,19
2026-04-10T13:30:01.388Z,96,2.38,100,90.83,0.81,22
2026-04-10T13:31:13.388Z,94,1.48,98,89.87,0.62,13
2026-04-10T13:32:25.388Z,94,1.15,98,95.86,0.69,9
2026-04-10T13:33:37.388Z,95,1.67,100,87.52,0.70,11
2026-04-10T13:34:49.388Z,97,2.94,97,96.18,0.65,5
2026-04-10T13:36:01.388Z,97,1.02,100,87.39,0.65,8
2026-04-10T13:37:13.388Z,94,2.93,100,90.45,0.79,25
2026-04-10T13:38:25.388Z,90,1.38,97,97.26,0.50,23
2026-04-10T13:39:37.388Z,94,1.30,96,87.02,0.82,13
2026-04-10T13:40:49.388Z,95,2.52,94,86.31,0.59,14
2026-04-10T13:42:01.388Z,100,3.07,91,98.47,0.81,5
2026-04-10T13:43:13.388Z,96,2.76,88,89.31,0.66,11
2026-04-10T13:44:25.388Z,94,2.73,92,92.95,0.77,13
2026-04-10T13:45:37.388Z,89,3.20,92,99.34,0.82,8
2026-04-10T13:46:49.388Z,94,3.02,90,98.57,0.41,9
2026-04-10T13:48:01.388Z,97,2.19,94,92.64,0.71,19
2026-04-10T13:49:13.388Z,95,3.09,96,88.46,0.88,6
2026-04-10T13:50:25.388Z,92,1.29,98,92.58,0.73,18
2026-04-10T13:51:37.388Z,99,1.19,96,85.31,0.94,17
2026-04-10T13:52:49.388Z,98,1.76,99,95.15,0.90,14
2026-04-10T13:54:01.388Z,100,2.07,100,98.14,0.88,11
2026-04-10T13:55:13.388Z,100,1.23,100,93.69,0.81,8
2026-04-10T13:56:25.388Z,94,2.69,97,94.08,0.78,6
2026-04-10T13:57:37.388Z,92,2.95,97,85.95,0.44,20
2026-04-10T13:58:49.388Z,99,1.76,96,88.62,0.65,22
2026-04-10T14:00:01.388Z,98,1.29,99,88.63,0.72,7
2026-04-10T14:01:13.388Z,100,3.27,96,98.46,0.61,13
2026-04-10T14:02:25.388Z,100,2.16,97,95.72,0.79,23
2026-04-10T14:03:37.388Z,100,1.66,97,92.72,0.49,21
2026-04-10T14:04:49.388Z,100,3.27,98,90.59,0.46,15
2026-04-10T14:06:01.388Z,100,1.41,95,88.21,0.58,14
2026-04-10T14:07:13.388Z,100,2.42,94,91.30,0.53,20
2026-04-10T14:08:25.388Z,95,3.48,92,98.17,0.54,22
2026-04-10T14:09:37.388Z,90,1.27,94,87.73,0.45,10
2026-04-10T14:10:49.388Z,94,2.01,96,86.32,0.80,12
2026-04-10T14:12:01.388Z,90,3.31,97,90.60,0.70,15
2026-04-10T14:13:13.388Z,88,2.31,96,93.76,0.51,5
2026-04-10T14:14:25.388Z,87,2.16,93,93.37,0.81,9
2026-04-10T14:15:37.388Z,93,1.13,91,98.77,0.43,6
2026-04-10T14:16:49.388Z,94,3.26,91,92.83,0.60,15
2026-04-10T14:18:01.388Z,95,1.57,91,88.96,0.55,16
2026-04-10T14:19:13.388Z,99,2.46,90,97.55,0.44,18
2026-04-10T14:20:25.388Z,100,1.07,94,93.26,0.40,24
2026-04-10T14:21:37.388Z,100,2.85,93,99.85,0.50,15
2026-04-10T14:22:49.388Z,95,2.08,94,86.79,0.80,24
2026-04-10T14:24:01.388Z,100,3.34,95,89.31,0.59,23
2026-04-10T14:25:13.388Z,100,2.95,98,87.18,0.43,19
2026-04-10T14:26:25.388Z,97,1.79,95,94.52,0.75,5
2026-04-10T14:27:37.388Z,96,2.37,97,97.19,0.77,20
2026-04-10T14:28:49.388Z,90,3.08,99,95.44,0.84,24
2026-04-10T14:30:01.388Z,87,1.95,98,90.67,0.69,18
2026-04-10T14:31:13.388Z,83,3.28,100,91.75,0.63,8
2026-04-10T14:32:25.388Z,88,3.02,100,95.21,0.49,7
2026-04-10T14:33:37.388Z,83,1.65,100,89.67,0.48,21
2026-04-10T14:34:49.388Z,90,1.74,100,90.20,0.67,15
2026-04-10T14:36:01.388Z,86,2.76,97,90.15,0.48,24
2026-04-10T14:37:13.388Z,89,3.23,97,93.33,0.50,25
2026-04-10T14:38:25.388Z,85,2.95,100,91.51,0.67,14
2026-04-10T14:39:37.388Z,88,1.03,100,89.50,0.91,18
2026-04-10T14:40:49.388Z,84,1.03,100,90.56,0.52,13
2026-04-10T14:42:01.388Z,83,1.42,99,93.55,0.63,18
2026-04-10T14:43:13.388Z,82,2.08,99,89.95,0.77,18
2026-04-10T14:44:25.388Z,83,1.39,100,99.75,0.75,23
2026-04-10T14:45:37.388Z,83,1.86,100,99.22,0.84,5
2026-04-10T14:46:49.388Z,84,2.21,97,91.36,0.73,22
2026-04-10T14:48:01.388Z,88,1.51,98,91.66,0.47,5
2026-04-10T14:49:13.388Z,88,2.93,100,89.90,0.44,12
2026-04-10T14:50:25.388Z,86,1.93,100,89.47,0.89,5
2026-04-10T14:51:37.388Z,89,1.24,98,91.40,0.63,18
2026-04-10T14:52:49.388Z,85,2.58,95,97.79,0.83,18
2026-04-10T14:54:01.388Z,85,3.50,95,91.69,0.61,9
2026-04-10T14:55:13.388Z,83,1.69,98,97.58,0.80,16
2026-04-10T14:56:25.388Z,80,1.02,95,92.98,0.73,20
2026-04-10T14:57:37.388Z,75,3.21,92,95.36,0.74,12
2026-04-10T14:58:49.388Z,69,1.75,94,85.87,0.63,10
2026-04-10T15:00:01.388Z,67,2.72,91,95.70,0.93,19
2026-04-10T15:01:13.388Z,73,3.05,91,88.48,0.91,6
2026-04-10T15:02:25.388Z,79,1.24,90,89.25,0.73,12
2026-04-10T15:03:37.388Z,76,3.35,90,89.42,0.57,23
2026-04-10T15:04:49.388Z,77,2.17,93,98.51,0.81,17
2026-04-10T15:06:01.388Z,75,2.29,92,86.35,0.86,17
2026-04-10T15:07:13.388Z,82,3.08,89,90.35,0.83,17
2026-04-10T15:08:25.388Z,86,2.65,92,91.95,0.72,14
2026-04-10T15:09:37.388Z,91,2.28,96,97.83,0.65,11
2026-04-10T15:10:49.388Z,98,3.16,95,92.51,0.73,17
2026-04-10T15:12:01.388Z,92,1.46,98,99.23,0.92,10
2026-04-10T15:13:13.388Z,98,1.61,99,96.82,0.55,9
2026-04-10T15:14:25.388Z,99,1.26,96,86.08,0.65,15
2026-04-10T15:15:37.388Z,93,3.36,96,93.93,0.56,13
2026-04-10T15:16:49.388Z,92,2.75,100,91.29,0.61,20
2026-04-10T15:18:01.388Z,89,1.37,100,96.92,0.79,12
2026-04-10T15:19:13.388Z,85,3.25,99,98.83,0.42,17
2026-04-10T15:20:25.388Z,83,3.42,100,85.81,0.44,14
2026-04-10T15:21:37.388Z,83,3.35,100,87.91,0.93,15
2026-04-10T15:22:49.388Z,85,2.66,100,96.48,0.88,25
2026-04-10T15:24:01.388Z,84,3.22,100,86.26,0.78,24
2026-04-10T15:25:13.388Z,91,1.10,100,92.55,0.53,22
2026-04-10T15:26:25.388Z,91,2.99,100,95.96,0.60,16
2026-04-10T15:27:37.388Z,97,1.66,98,89.62,0.45,19
2026-04-10T15:28:49.388Z,91,2.86,100,94.85,0.87,21
2026-04-10T15:30:01.388Z,88,3.05,98,98.94,0.93,12
2026-04-10T15:31:13.388Z,93,3.45,99,92.29,0.73,19
2026-04-10T15:32:25.388Z,94,1.18,97,93.20,0.61,23
2026-04-10T15:33:37.388Z,100,2.34,99,89.35,0.91,19
2026-04-10T15:34:49.388Z,100,1.85,96,96.51,0.54,21
2026-04-10T15:36:01.388Z,100,2.40,96,92.95,0.46,22
2026-04-10T15:37:13.388Z,100,2.81,100,88.52,0.51,15
2026-04-10T15:38:25.388Z,99,2.46,100,93.65,0.46,13
2026-04-10T15:39:37.388Z,96,2.91,100,89.59,0.60,5